<?xml version="1.0" encoding="UTF-8"?>
<chat-tab-list _systemMessageTabIndex="0">
  <chat-tab name="会場" pos_num="-1" imageIdentifier.0="a" imageIdentifier.1="b" imageIdentifier.2="c" imageIdentifier.3="d" imageIdentifier.4="e" imageIdentifier.5="f" imageIdentifier.6="g" imageIdentifier.7="h" imageIdentifier.8="i" imageIdentifier.9="j" imageIdentifier.10="k" imageIdentifier.11="l" imageCharactorName.0="#0" imageCharactorName.1="#1" imageCharactorName.2="#2" imageCharactorName.3="#3" imageCharactorName.4="#4" imageCharactorName.5="#5" imageCharactorName.6="#6" imageCharactorName.7="#7" imageCharactorName.8="#8" imageCharactorName.9="#9" imageCharactorName.10="#10" imageCharactorName.11="#11" imageIdentifierZpos.0="0" imageIdentifierZpos.1="1" imageIdentifierZpos.2="2" imageIdentifierZpos.3="3" imageIdentifierZpos.4="4" imageIdentifierZpos.5="5" imageIdentifierZpos.6="6" imageIdentifierZpos.7="7" imageIdentifierZpos.8="8" imageIdentifierZpos.9="9" imageIdentifierZpos.10="10" imageIdentifierZpos.11="11" count="0" imageIdentifierDummy="test"></chat-tab>
  <chat-tab name="情報" pos_num="-1" imageIdentifier.0="a" imageIdentifier.1="b" imageIdentifier.2="c" imageIdentifier.3="d" imageIdentifier.4="e" imageIdentifier.5="f" imageIdentifier.6="g" imageIdentifier.7="h" imageIdentifier.8="i" imageIdentifier.9="j" imageIdentifier.10="k" imageIdentifier.11="l" imageCharactorName.0="#0" imageCharactorName.1="#1" imageCharactorName.2="#2" imageCharactorName.3="#3" imageCharactorName.4="#4" imageCharactorName.5="#5" imageCharactorName.6="#6" imageCharactorName.7="#7" imageCharactorName.8="#8" imageCharactorName.9="#9" imageCharactorName.10="#10" imageCharactorName.11="#11" imageIdentifierZpos.0="0" imageIdentifierZpos.1="1" imageIdentifierZpos.2="2" imageIdentifierZpos.3="3" imageIdentifierZpos.4="4" imageIdentifierZpos.5="5" imageIdentifierZpos.6="6" imageIdentifierZpos.7="7" imageIdentifierZpos.8="8" imageIdentifierZpos.9="9" imageIdentifierZpos.10="10" imageIdentifierZpos.11="11" count="0" imageIdentifierDummy="test"></chat-tab>
  <chat-tab name="雑談" pos_num="-1" imageIdentifier.0="a" imageIdentifier.1="b" imageIdentifier.2="c" imageIdentifier.3="d" imageIdentifier.4="e" imageIdentifier.5="f" imageIdentifier.6="g" imageIdentifier.7="h" imageIdentifier.8="i" imageIdentifier.9="j" imageIdentifier.10="k" imageIdentifier.11="l" imageCharactorName.0="#0" imageCharactorName.1="#1" imageCharactorName.2="#2" imageCharactorName.3="#3" imageCharactorName.4="#4" imageCharactorName.5="#5" imageCharactorName.6="#6" imageCharactorName.7="#7" imageCharactorName.8="#8" imageCharactorName.9="#9" imageCharactorName.10="#10" imageCharactorName.11="#11" imageIdentifierZpos.0="0" imageIdentifierZpos.1="1" imageIdentifierZpos.2="2" imageIdentifierZpos.3="3" imageIdentifierZpos.4="4" imageIdentifierZpos.5="5" imageIdentifierZpos.6="6" imageIdentifierZpos.7="7" imageIdentifierZpos.8="8" imageIdentifierZpos.9="9" imageIdentifierZpos.10="10" imageIdentifierZpos.11="11" count="0" imageIdentifierDummy="test"></chat-tab>
  <chat-tab name="見学" pos_num="-1" imageIdentifier.0="a" imageIdentifier.1="b" imageIdentifier.2="c" imageIdentifier.3="d" imageIdentifier.4="e" imageIdentifier.5="f" imageIdentifier.6="g" imageIdentifier.7="h" imageIdentifier.8="i" imageIdentifier.9="j" imageIdentifier.10="k" imageIdentifier.11="l" imageCharactorName.0="#0" imageCharactorName.1="#1" imageCharactorName.2="#2" imageCharactorName.3="#3" imageCharactorName.4="#4" imageCharactorName.5="#5" imageCharactorName.6="#6" imageCharactorName.7="#7" imageCharactorName.8="#8" imageCharactorName.9="#9" imageCharactorName.10="#10" imageCharactorName.11="#11" imageIdentifierZpos.0="0" imageIdentifierZpos.1="1" imageIdentifierZpos.2="2" imageIdentifierZpos.3="3" imageIdentifierZpos.4="4" imageIdentifierZpos.5="5" imageIdentifierZpos.6="6" imageIdentifierZpos.7="7" imageIdentifierZpos.8="8" imageIdentifierZpos.9="9" imageIdentifierZpos.10="10" imageIdentifierZpos.11="11" count="0" imageIdentifierDummy="test"></chat-tab>
  <chat-tab name="リモ" pos_num="-1" imageIdentifier.0="a" imageIdentifier.1="b" imageIdentifier.2="c" imageIdentifier.3="d" imageIdentifier.4="e" imageIdentifier.5="f" imageIdentifier.6="g" imageIdentifier.7="h" imageIdentifier.8="i" imageIdentifier.9="j" imageIdentifier.10="k" imageIdentifier.11="l" imageCharactorName.0="#0" imageCharactorName.1="#1" imageCharactorName.2="#2" imageCharactorName.3="#3" imageCharactorName.4="#4" imageCharactorName.5="#5" imageCharactorName.6="#6" imageCharactorName.7="#7" imageCharactorName.8="#8" imageCharactorName.9="#9" imageCharactorName.10="#10" imageCharactorName.11="#11" imageIdentifierZpos.0="0" imageIdentifierZpos.1="1" imageIdentifierZpos.2="2" imageIdentifierZpos.3="3" imageIdentifierZpos.4="4" imageIdentifierZpos.5="5" imageIdentifierZpos.6="6" imageIdentifierZpos.7="7" imageIdentifierZpos.8="8" imageIdentifierZpos.9="9" imageIdentifierZpos.10="10" imageIdentifierZpos.11="11" count="0" imageIdentifierDummy="test"></chat-tab>
</chat-tab-list>