<?xml version="1.0" encoding="UTF-8"?>
<room>
  <game-table name="メイン" width="20" height="15" gridSize="50" imageIdentifier="5aecde76402b2e5bfdb7d162e75da3f6434a4ab6a1e9845cfc0df585f7e423ca" backgroundImageIdentifier="ae362e1ffbb71b796226436cc5fe4b8b51567566d22a20a136f8431235d49383" backgroundFilterType="black" selected="true" gridType="0" gridColor="#000000e6">
    <terrain location.name="table" location.x="0" location.y="0" posZ="0" isLocked="true" mode="3" rotate="0" isGrid="false">
      <data name="terrain">
        <data name="image">
          <data type="image" name="imageIdentifier"></data>
          <data type="image" name="wall">7c437176e0849f7b4429f923d7b5dea9716051e593822821a8f03e542bfa5629</data>
          <data type="image" name="floor">./assets/images/tex.jpg</data>
        </data>
        <data name="common">
          <data name="name">背景</data>
          <data name="width">20</data>
          <data name="height">11.4</data>
          <data name="depth">0</data>
        </data>
        <data name="detail"></data>
        <data name="buff"></data>
      </data>
    </terrain>
    <terrain location.name="table" location.x="0" location.y="50" posZ="0" isLocked="true" mode="3" rotate="0" isGrid="false">
      <data name="terrain">
        <data name="image">
          <data type="image" name="imageIdentifier"></data>
          <data type="image" name="wall">./assets/images/tex.jpg</data>
          <data type="image" name="floor">f4a3988e1bfa80523e7101924afd0b2bcc8291ff614ead0d29e89532f9588ae0</data>
        </data>
        <data name="common">
          <data name="name">地形</data>
          <data name="width">6</data>
          <data name="height">0</data>
          <data name="depth">12</data>
        </data>
        <data name="detail"></data>
        <data name="buff"></data>
      </data>
    </terrain>
    <terrain location.name="table" location.x="350" location.y="50" posZ="0" isLocked="true" mode="3" rotate="0" isGrid="false">
      <data name="terrain">
        <data name="image">
          <data type="image" name="imageIdentifier"></data>
          <data type="image" name="wall">./assets/images/tex.jpg</data>
          <data type="image" name="floor">f4a3988e1bfa80523e7101924afd0b2bcc8291ff614ead0d29e89532f9588ae0</data>
        </data>
        <data name="common">
          <data name="name">地形</data>
          <data name="width">6</data>
          <data name="height">0</data>
          <data name="depth">12</data>
        </data>
        <data name="detail"></data>
        <data name="buff"></data>
      </data>
    </terrain>
    <terrain location.name="table" location.x="700" location.y="50" posZ="0" isLocked="true" mode="3" rotate="0" isGrid="false">
      <data name="terrain">
        <data name="image">
          <data type="image" name="imageIdentifier"></data>
          <data type="image" name="wall">./assets/images/tex.jpg</data>
          <data type="image" name="floor">f4a3988e1bfa80523e7101924afd0b2bcc8291ff614ead0d29e89532f9588ae0</data>
        </data>
        <data name="common">
          <data name="name">地形</data>
          <data name="width">6</data>
          <data name="height">0</data>
          <data name="depth">12</data>
        </data>
        <data name="detail"></data>
        <data name="buff"></data>
      </data>
    </terrain>
  </game-table>
  <character location.name="common" location.x="274.5137967447526" location.y="-477.32324927586126" posZ="0" isLock="false" rotate="0" roll="0" hideInventory="true" nonTalkFlag="true" overViewWidth="400" overViewMaxHeight="400" specifyKomaImageFlag="false" komaImageHeignt="100" chatColorCode.0="#000000" chatColorCode.1="#FF0000" chatColorCode.2="#0099FF" syncDummyCounter="0">
    <data name="character">
      <data name="image">
        <data type="image" name="imageIdentifier">none_icon</data>
        <data type="image" name="imageIdentifier" currentValue="あさづけ">b969e19725776c54934493816dad372339cea43a210ef858cf7ab19dd78ff522</data>
        <data type="image" name="imageIdentifier" currentValue="ウルフ">3ad00a371118e93c8ed47e12434123d2d2424b22fd4ee5263f6610bef273d638</data>
        <data type="image" name="imageIdentifier" currentValue="カゲロウ">aa293787276f3a32689b87d21614e95c59e068e52e619b538c5b720cc0f77e85</data>
        <data type="image" name="imageIdentifier" currentValue="キリシロ">8c5610b02c87c673fa01cded11105a43e0b51487beaf908a1310298236a97ec9</data>
        <data type="image" name="imageIdentifier" currentValue="SAVOIA">9bceeb996c5eea195b5c4e41171343f85ad9675eebeb4cd96796f886ec0a339f</data>
        <data type="image" name="imageIdentifier" currentValue="スマブラの人">f3d3b86beca99ba72d56d44a2069f8e3019ae8e3be12a090d0062d4f5c0aacea</data>
        <data type="image" name="imageIdentifier" currentValue="チヒロ">a7be2bf0b17caf2a68f9c096ad9c8d89b11ff3e344868041041e7d8ef125f6fb</data>
        <data type="image" name="imageIdentifier" currentValue="T">775f47713fd28e4bc80a4d9db1f71ee512d08f7f241836ff9b9507610200ccbf</data>
        <data type="image" name="imageIdentifier" currentValue="はむぱん">3c974485ef76412f63e3a1226aed8d7b2a28881d083f52c9d386fa005354ad8f</data>
        <data type="image" name="imageIdentifier" currentValue="マンモーニ">b535ff5d91fe71f853bd623ba806078873b65df4e05019a96aca1f3bd423332f</data>
        <data type="image" name="imageIdentifier" currentValue="ラバソ">26f84334011f98c78b2835da175524402d869d394849b258968ea94267d81c3a</data>
        <data type="image" name="imageIdentifier">ac8daae3d3facbce314a1e514da4956ebe9d39e4cd247a33d29d86d016d39fd1</data>
        <data type="image" name="imageIdentifier">fa9aedb333acd2d74dcde0aa7d65f194ac6c6a0d99391594e3d2211717736a57</data>
      </data>
      <data name="common">
        <data name="name">PL画像登録用</data>
        <data name="size">2</data>
      </data>
      <data name="detail">
        <data name="立ち絵位置">
          <data type="numberResource" currentValue="0" name="POS">11</data>
        </data>
        <data name="コマ画像">
          <data type="numberResource" currentValue="0" name="ICON">13</data>
        </data>
      </data>
      <data name="buff">
        <data name="バフ/デバフ"></data>
      </data>
    </data>
    <chat-palette dicebot=""></chat-palette>
    <buff-palette dicebot="">[PC名]《[応用技名]》 [効果] [継続R]</buff-palette>
  </character>
  <character location.name="table" location.x="1000" location.y="0" posZ="0" isLock="false" rotate="0" roll="0" hideInventory="false" nonTalkFlag="false" overViewWidth="400" overViewMaxHeight="400" specifyKomaImageFlag="false" komaImageHeignt="100" chatColorCode.0="#000000" chatColorCode.1="#FF0000" chatColorCode.2="#0099FF" syncDummyCounter="0">
    <data name="character">
      <data name="image">
        <data type="image" name="imageIdentifier" currentValue="">none_icon</data>
        <data type="image" name="imageIdentifier">none_icon</data>
        <data type="image" name="imageIdentifier">none_icon</data>
        <data type="image" name="imageIdentifier">none_icon</data>
      </data>
      <data name="common">
        <data name="name">（PC名）</data>
        <data name="size">2</data>
      </data>
      <data name="detail">
        <data name="リソース&amp;行動値">
          <data name="HP" type="numberResource"></data>
          <data name="PP" type="numberResource"></data>
          <data name="暴走率" type="numberResource">150</data>
          <data name="因子D" type="numberResource"></data>
          <data name="行動値"></data>
        </data>
        <data name="情報">
          <data name="タグ" type="note">（貼り付け表とか感知の内容をここに貼ってね）</data>
        </data>
        <data name="立ち絵位置">
          <data type="numberResource" currentValue="0" name="POS">11</data>
        </data>
        <data name="コマ画像">
          <data type="numberResource" currentValue="0" name="ICON">3</data>
        </data>
      </data>
      <data name="buff">
        <data name="バフ/デバフ"></data>
      </data>
    </data>
    <chat-palette dicebot="Yggdrasill"></chat-palette>
    <buff-palette dicebot="DiceBot">[PC名]《[応用技名]》 [効果] [継続R]</buff-palette>
  </character>
  <character location.name="table" location.x="1100" location.y="0" posZ="0" isLock="false" rotate="0" roll="0" hideInventory="false" nonTalkFlag="false" overViewWidth="600" overViewMaxHeight="600" specifyKomaImageFlag="false" komaImageHeignt="100" chatColorCode.0="#000000" chatColorCode.1="#ff0000" chatColorCode.2="#0099FF" syncDummyCounter="2">
    <data name="character">
      <data name="image">
        <data type="image" name="imageIdentifier" currentValue="コマ絵">none_icon</data>
        <data type="image" name="imageIdentifier" currentValue="アイコン1">none_icon</data>
        <data type="image" name="imageIdentifier" currentValue="アイコン2">none_icon</data>
        <data type="image" name="imageIdentifier" currentValue="アイコン3">none_icon</data>
        <data type="image" name="imageIdentifier" currentValue="アイコン4">none_icon</data>
      </data>
      <data name="common">
        <data name="name">NPC用</data>
        <data name="size">2</data>
      </data>
      <data name="detail">
        <data name="リソース&amp;行動値">
          <data name="HP" type="numberResource">null</data>
          <data name="PP" type="numberResource">null</data>
          <data name="暴走率" type="numberResource">150</data>
          <data name="行動値"></data>
        </data>
        <data name="情報">
          <data name="▼（ＰＣ名）">
            <data name="■パラメータ／技能" type="note"></data>
            <data name="■ステータス" type="note"></data>
          </data>
          <data name="▼ＮＰＣ特性（?pt/?bp）：">
            <data name="■通常特性" type="note"></data>
          </data>
          <data name="▼能力名【？？？】">
            <data name="能力タイプ：" type=""></data>
            <data name="概要" type="note"></data>
          </data>
        </data>
        <data name="立ち絵位置">
          <data type="numberResource" currentValue="1" name="POS">11</data>
        </data>
        <data name="コマ画像">
          <data type="numberResource" currentValue="0" name="ICON">4</data>
        </data>
      </data>
      <data name="buff">
        <data name="バフ/デバフ"></data>
      </data>
    </data>
    <chat-palette dicebot="Yggdrasill"></chat-palette>
    <buff-palette dicebot="DiceBot">[PC名]《[応用技名]》 [効果] [継続R]</buff-palette>
  </character>
  <card-stack location.name="table" location.x="1075" location.y="325" posZ="0" isLock="false" rotate="0" zindex="228" owner="" isShowTotal="true" overViewWidth="250" overViewMaxHeight="250">
    <data name="card-stack">
      <data name="image">
        <data type="image" name="imageIdentifier"></data>
      </data>
      <data name="common">
        <data name="name">山札</data>
      </data>
      <data name="detail"></data>
      <data name="buff"></data>
    </data>
    <node name="cardRoot">
      <card location.name="table" location.x="750" location.y="125" posZ="0" isLock="false" dispLockMark="true" state="0" rotate="0" owner="" zindex="0" overViewWidth="500" overViewMaxHeight="500">
        <data name="card">
          <data name="image">
            <data type="image" name="imageIdentifier"></data>
            <data type="image" name="front">970b57a059e4dc44afdd70fcc074877985cf294ea6fcda7f8f797138408e993b</data>
            <data type="image" name="back">./assets/images/trump/z02.gif</data>
          </data>
          <data name="common">
            <data name="name">ハチの巣</data>
            <data name="size">2</data>
          </data>
          <data name="detail">
            <data name="情報">
              <data name="▼試練" type="note">【隠密 - 30】
初回の判定を行ったラウンド以降、同シーン中は【隠密 - 1】 </data>
            </data>
          </data>
          <data name="buff"></data>
        </data>
      </card>
      <card location.name="table" location.x="750" location.y="125" posZ="0" isLock="false" dispLockMark="true" state="0" rotate="0" owner="" zindex="0" overViewWidth="500" overViewMaxHeight="500">
        <data name="card">
          <data name="image">
            <data type="image" name="imageIdentifier"></data>
            <data type="image" name="front">45d1db8ca9f1e8f0e0325b7a460f019404f7890c4e57cb51140f2347f9745af1</data>
            <data type="image" name="back">./assets/images/trump/z02.gif</data>
          </data>
          <data name="common">
            <data name="name">有刺鉄線</data>
            <data name="size">2</data>
          </data>
          <data name="detail">
            <data name="情報">
              <data name="▼地形" type="note">ファンブルをしたユニットはその数×１ｄダメージ </data>
            </data>
          </data>
          <data name="buff"></data>
        </data>
      </card>
      <card location.name="table" location.x="725" location.y="125" posZ="0" isLock="false" dispLockMark="true" state="0" rotate="0" owner="" zindex="0" overViewWidth="500" overViewMaxHeight="500">
        <data name="card">
          <data name="image">
            <data type="image" name="imageIdentifier"></data>
            <data type="image" name="front">9c3872a2a550b4ac74a83d229cfdb6b9896ca4560e227d4b85bc86eb34e71d7b</data>
            <data type="image" name="back">./assets/images/trump/z02.gif</data>
          </data>
          <data name="common">
            <data name="name">開閉ゲート</data>
            <data name="size">2</data>
          </data>
          <data name="detail">
            <data name="情報">
              <data name="▼地形" type="note">偶数ラウンド中、【試練】判定に自動失敗する</data>
            </data>
          </data>
          <data name="buff"></data>
        </data>
      </card>
      <card location.name="table" location.x="750" location.y="125" posZ="0" isLock="false" dispLockMark="true" state="0" rotate="0" owner="" zindex="0" overViewWidth="500" overViewMaxHeight="500">
        <data name="card">
          <data name="image">
            <data type="image" name="imageIdentifier"></data>
            <data type="image" name="front">e3cade2f1b5d21ed0709b89bb3f387b2b1e37439bb4a9b756b2e2262b268ae79</data>
            <data type="image" name="back">./assets/images/trump/z02.gif</data>
          </data>
          <data name="common">
            <data name="name">回転足場</data>
            <data name="size">2</data>
          </data>
          <data name="detail">
            <data name="情報">
              <data name="▼地形" type="note">そのラウンド中に試練をクリアしていないユニットは、
エリアを１マス後退する </data>
            </data>
          </data>
          <data name="buff"></data>
        </data>
      </card>
      <card location.name="table" location.x="750" location.y="125" posZ="0" isLock="false" dispLockMark="true" state="0" rotate="0" owner="" zindex="0" overViewWidth="500" overViewMaxHeight="500">
        <data name="card">
          <data name="image">
            <data type="image" name="imageIdentifier"></data>
            <data type="image" name="front">22dd09a0e4fd3ae00040ff5668a2e023ebb3b7a2c57ee99beefb86b95b3cbc9f</data>
            <data type="image" name="back">./assets/images/trump/z02.gif</data>
          </data>
          <data name="common">
            <data name="name">足場</data>
            <data name="size">2</data>
          </data>
          <data name="detail">
            <data name="情報">
              <data name="▼地形" type="note">公開時、設置者は任意の技能判定を一つ選択する
その判定に＋５のボーナス </data>
            </data>
          </data>
          <data name="buff"></data>
        </data>
      </card>
      <card location.name="table" location.x="750" location.y="125" posZ="0" isLock="false" dispLockMark="true" state="0" rotate="0" owner="" zindex="0" overViewWidth="500" overViewMaxHeight="500">
        <data name="card">
          <data name="image">
            <data type="image" name="imageIdentifier"></data>
            <data type="image" name="front">e4589d31c41f77b740e76195306704a2a07322f23114bee28f4c4ad973edebdc</data>
            <data type="image" name="back">./assets/images/trump/z02.gif</data>
          </data>
          <data name="common">
            <data name="name">ロケット</data>
            <data name="size">2</data>
          </data>
          <data name="detail">
            <data name="情報">
              <data name="▼地形" type="note">公開時、同じエリアのランダムな対象に発動する。
そのユニットは同シーン中、全ての判定基礎値が【０＋１０ｄ／ギャンブル】となる。 </data>
            </data>
          </data>
          <data name="buff"></data>
        </data>
      </card>
      <card location.name="table" location.x="750" location.y="125" posZ="0" isLock="false" dispLockMark="true" state="0" rotate="0" owner="" zindex="0" overViewWidth="500" overViewMaxHeight="500">
        <data name="card">
          <data name="image">
            <data type="image" name="imageIdentifier"></data>
            <data type="image" name="front">21fda1f311d5fda1f1c5061c019f6b34c889f3faa80b88586acb707686e1766d</data>
            <data type="image" name="back">./assets/images/trump/z02.gif</data>
          </data>
          <data name="common">
            <data name="name">トリモチ</data>
            <data name="size">2</data>
          </data>
          <data name="detail">
            <data name="情報">
              <data name="▼地形" type="note">あらゆる判定のダイスを２つ減らす
ダイスロールを行えない場合、その判定は自動失敗となる </data>
            </data>
          </data>
          <data name="buff"></data>
        </data>
      </card>
      <card location.name="table" location.x="750" location.y="125" posZ="0" isLock="false" dispLockMark="true" state="0" rotate="0" owner="" zindex="0" overViewWidth="500" overViewMaxHeight="500">
        <data name="card">
          <data name="image">
            <data type="image" name="imageIdentifier"></data>
            <data type="image" name="front">a8e1e4d13a7f620ea36789cb22eda80fff2fef3c3f14c414dc6659f2aa5d9201</data>
            <data type="image" name="back">./assets/images/trump/z02.gif</data>
          </data>
          <data name="common">
            <data name="name">氷の床</data>
            <data name="size">2</data>
          </data>
          <data name="detail">
            <data name="情報">
              <data name="▼地形" type="note">あらゆる判定をギャンブル化する </data>
            </data>
          </data>
          <data name="buff"></data>
        </data>
      </card>
      <card location.name="table" location.x="750" location.y="125" posZ="0" isLock="false" dispLockMark="true" state="0" rotate="0" owner="" zindex="0" overViewWidth="500" overViewMaxHeight="500">
        <data name="card">
          <data name="image">
            <data type="image" name="imageIdentifier"></data>
            <data type="image" name="front">034cd47e761d8b9ed408f3baa85f998fc79cd8b00c1797e2ced0907d39239d8e</data>
            <data type="image" name="back">./assets/images/trump/z02.gif</data>
          </data>
          <data name="common">
            <data name="name">パンチングマシン</data>
            <data name="size">2</data>
          </data>
          <data name="detail">
            <data name="情報">
              <data name="▼地形" type="note">同エリアの設置者は手番にて、
攻撃禁止ルールの例外として同エリアの他ユニットへ攻撃行動を行うことができる </data>
            </data>
          </data>
          <data name="buff"></data>
        </data>
      </card>
      <card location.name="table" location.x="750" location.y="125" posZ="0" isLock="false" dispLockMark="true" state="0" rotate="0" owner="" zindex="0" overViewWidth="500" overViewMaxHeight="500">
        <data name="card">
          <data name="image">
            <data type="image" name="imageIdentifier"></data>
            <data type="image" name="front">ffe6f2f11917c41ae63c21e0f62141184be76c9bd09e68af053c35218ab0b45b</data>
            <data type="image" name="back">./assets/images/trump/z02.gif</data>
          </data>
          <data name="common">
            <data name="name">転落</data>
            <data name="size">2</data>
          </data>
          <data name="detail">
            <data name="情報">
              <data name="▼損失" type="note">エリアを１マス後退する </data>
            </data>
          </data>
          <data name="buff"></data>
        </data>
      </card>
      <card location.name="table" location.x="750" location.y="125" posZ="0" isLock="false" dispLockMark="true" state="0" rotate="0" owner="" zindex="0" overViewWidth="500" overViewMaxHeight="500">
        <data name="card">
          <data name="image">
            <data type="image" name="imageIdentifier"></data>
            <data type="image" name="front">4fb4c596fac2bb4afa0d5ad264b37daa20cfdd0f864a7514a3e782ff09141a1d</data>
            <data type="image" name="back">./assets/images/trump/z02.gif</data>
          </data>
          <data name="common">
            <data name="name">ポータル</data>
            <data name="size">2</data>
          </data>
          <data name="detail">
            <data name="情報">
              <data name="▼損失" type="note">【ふりだし】か他の【ポータル】に移動する。 </data>
            </data>
          </data>
          <data name="buff"></data>
        </data>
      </card>
      <card location.name="table" location.x="750" location.y="125" posZ="0" isLock="false" dispLockMark="true" state="0" rotate="0" owner="" zindex="0" overViewWidth="500" overViewMaxHeight="500">
        <data name="card">
          <data name="image">
            <data type="image" name="imageIdentifier"></data>
            <data type="image" name="front">93efc5c150a82fc11a5c75ccc86aa4fa073f885552d4af1a9c45c34ce5645252</data>
            <data type="image" name="back">./assets/images/trump/z02.gif</data>
          </data>
          <data name="common">
            <data name="name">スポンジ</data>
            <data name="size">2</data>
          </data>
          <data name="detail">
            <data name="情報">
              <data name="▼試練" type="note">【力技 - 20】</data>
              <data name="▼損失" type="note">他のペナルティをランダムに１つ無効化する </data>
            </data>
          </data>
          <data name="buff"></data>
        </data>
      </card>
      <card location.name="table" location.x="750" location.y="125" posZ="0" isLock="false" dispLockMark="true" state="0" rotate="0" owner="" zindex="0" overViewWidth="500" overViewMaxHeight="500">
        <data name="card">
          <data name="image">
            <data type="image" name="imageIdentifier"></data>
            <data type="image" name="front">e62af51f3c22c9c4a3b890c0961fb6e37a25debf0430cb68f9db9feb1abb2a3c</data>
            <data type="image" name="back">./assets/images/trump/z02.gif</data>
          </data>
          <data name="common">
            <data name="name">モヒカンの群れ</data>
            <data name="size">2</data>
          </data>
          <data name="detail">
            <data name="情報">
              <data name="▼試練" type="note">【威圧 - 20】 </data>
              <data name="▼損失" type="note">２ｄのダメージ、２ヒット </data>
            </data>
          </data>
          <data name="buff"></data>
        </data>
      </card>
      <card location.name="table" location.x="750" location.y="125" posZ="0" isLock="false" dispLockMark="true" state="0" rotate="0" owner="" zindex="0" overViewWidth="500" overViewMaxHeight="500">
        <data name="card">
          <data name="image">
            <data type="image" name="imageIdentifier"></data>
            <data type="image" name="front">8d312876525e1e438b6c3485470b01a1faae9b3b118a4f3b55153c73ebc25976</data>
            <data type="image" name="back">./assets/images/trump/z02.gif</data>
          </data>
          <data name="common">
            <data name="name">迷路</data>
            <data name="size">2</data>
          </data>
          <data name="detail">
            <data name="情報">
              <data name="▼試練" type="note">【観察眼 - 20】 </data>
              <data name="▼損失" type="note">制止【知力 - 20】付与</data>
            </data>
          </data>
          <data name="buff"></data>
        </data>
      </card>
      <card location.name="table" location.x="750" location.y="125" posZ="0" isLock="false" dispLockMark="true" state="0" rotate="0" owner="" zindex="0" overViewWidth="500" overViewMaxHeight="500">
        <data name="card">
          <data name="image">
            <data type="image" name="imageIdentifier"></data>
            <data type="image" name="front">39d7251898189b95924fc24f9b7961cf45f1c15712937842ca3d541827119c78</data>
            <data type="image" name="back">./assets/images/trump/z02.gif</data>
          </data>
          <data name="common">
            <data name="name">ボウガン</data>
            <data name="size">2</data>
          </data>
          <data name="detail">
            <data name="情報">
              <data name="▼試練" type="note">【察知 - 20】 </data>
              <data name="▼損失" type="note">４ｄのダメージ </data>
            </data>
          </data>
          <data name="buff"></data>
        </data>
      </card>
      <card location.name="table" location.x="750" location.y="125" posZ="0" isLock="false" dispLockMark="true" state="0" rotate="0" owner="" zindex="0" overViewWidth="500" overViewMaxHeight="500">
        <data name="card">
          <data name="image">
            <data type="image" name="imageIdentifier"></data>
            <data type="image" name="front">708989104d8ddf429e0435c41f498d1e9c63efcac1c94bf451b0dbf84caecfdd</data>
            <data type="image" name="back">./assets/images/trump/z02.gif</data>
          </data>
          <data name="common">
            <data name="name">トゲトゲ床</data>
            <data name="size">2</data>
          </data>
          <data name="detail">
            <data name="情報">
              <data name="▼試練" type="note">【俊敏 - 20】 </data>
              <data name="▼損失" type="note">３ｄのダメージ </data>
            </data>
          </data>
          <data name="buff"></data>
        </data>
      </card>
      <card location.name="table" location.x="750" location.y="125" posZ="0" isLock="false" dispLockMark="true" state="0" rotate="0" owner="" zindex="0" overViewWidth="500" overViewMaxHeight="500">
        <data name="card">
          <data name="image">
            <data type="image" name="imageIdentifier"></data>
            <data type="image" name="front">3f9cbb7f32a1f5ba535153d69cf89e3059c09ac31889063775ae272502d5399e</data>
            <data type="image" name="back">./assets/images/trump/z02.gif</data>
          </data>
          <data name="common">
            <data name="name">スフィンクス</data>
            <data name="size">2</data>
          </data>
          <data name="detail">
            <data name="情報">
              <data name="▼試練" type="note">【閃き - 20】 </data>
              <data name="▼損失" type="note">５ｄのダメージ </data>
            </data>
          </data>
          <data name="buff"></data>
        </data>
      </card>
      <card location.name="table" location.x="750" location.y="125" posZ="0" isLock="false" dispLockMark="true" state="0" rotate="0" owner="" zindex="0" overViewWidth="500" overViewMaxHeight="500">
        <data name="card">
          <data name="image">
            <data type="image" name="imageIdentifier"></data>
            <data type="image" name="front">4a3a7b58ab18baacbe0f79ac5923bab700844efbc21e1eb5f5c1bb8913d7bf21</data>
            <data type="image" name="back">./assets/images/trump/z02.gif</data>
          </data>
          <data name="common">
            <data name="name">落雷</data>
            <data name="size">2</data>
          </data>
          <data name="detail">
            <data name="情報">
              <data name="▼試練" type="note">【幸運 - 20】 </data>
              <data name="▼損失" type="note">８ｄの貫通ダメージ </data>
            </data>
          </data>
          <data name="buff"></data>
        </data>
      </card>
      <card location.name="table" location.x="750" location.y="125" posZ="0" isLock="false" dispLockMark="true" state="0" rotate="0" owner="" zindex="0" overViewWidth="500" overViewMaxHeight="500">
        <data name="card">
          <data name="image">
            <data type="image" name="imageIdentifier"></data>
            <data type="image" name="front">df349e233217e95621d5f7e31fb20f35225e8b228b47c52c5d6083d00734619e</data>
            <data type="image" name="back">./assets/images/trump/z02.gif</data>
          </data>
          <data name="common">
            <data name="name">振り子鉄球</data>
            <data name="size">2</data>
          </data>
          <data name="detail">
            <data name="情報">
              <data name="▼試練" type="note">【回避判定 - 25】 </data>
              <data name="▼損失" type="note">７ｄのダメージ </data>
            </data>
          </data>
          <data name="buff"></data>
        </data>
      </card>
      <card location.name="table" location.x="750" location.y="125" posZ="0" isLock="false" dispLockMark="true" state="0" rotate="0" owner="" zindex="0" overViewWidth="500" overViewMaxHeight="500">
        <data name="card">
          <data name="image">
            <data type="image" name="imageIdentifier"></data>
            <data type="image" name="front">e792bf47adb0fefc4be17a3f640c20e542ef2fbb4c20f387d009ea4ea38ff0d0</data>
            <data type="image" name="back">./assets/images/trump/z02.gif</data>
          </data>
          <data name="common">
            <data name="name">ワイヤートラップ</data>
            <data name="size">2</data>
          </data>
          <data name="detail">
            <data name="情報">
              <data name="▼試練" type="note">【ＳＳ - 25】 </data>
              <data name="▼損失" type="note">制止【筋力 - 20】付与 </data>
            </data>
          </data>
          <data name="buff"></data>
        </data>
      </card>
      <card location.name="table" location.x="750" location.y="125" posZ="0" isLock="false" dispLockMark="true" state="0" rotate="0" owner="" zindex="0" overViewWidth="500" overViewMaxHeight="500">
        <data name="card">
          <data name="image">
            <data type="image" name="imageIdentifier"></data>
            <data type="image" name="front">d8e72e0f67aa826f2f2af4aeace02fdc6d59dadc6dd6aa6fd331212b8f1f7c71</data>
            <data type="image" name="back">./assets/images/trump/z02.gif</data>
          </data>
          <data name="common">
            <data name="name">トロッコ</data>
            <data name="size">2</data>
          </data>
          <data name="detail">
            <data name="情報">
              <data name="▼試練" type="note">【精神 - 20】 </data>
              <data name="▼損失" type="note">５ｄダメージ </data>
            </data>
          </data>
          <data name="buff"></data>
        </data>
      </card>
      <card location.name="table" location.x="750" location.y="125" posZ="0" isLock="false" dispLockMark="true" state="0" rotate="0" owner="" zindex="0" overViewWidth="500" overViewMaxHeight="500">
        <data name="card">
          <data name="image">
            <data type="image" name="imageIdentifier"></data>
            <data type="image" name="front">200a07de78cc0389a59b8573f6a89370c3b3eb84e87e578dae1096ff024a5193</data>
            <data type="image" name="back">./assets/images/trump/z02.gif</data>
          </data>
          <data name="common">
            <data name="name">崖っぷち</data>
            <data name="size">2</data>
          </data>
          <data name="detail">
            <data name="情報">
              <data name="▼地形" type="note">ファンブルを２つ以上同時に出した場合、
その判定は強制失敗する </data>
              <data name="▼損失" type="note">５ｄのダメージ </data>
            </data>
          </data>
          <data name="buff"></data>
        </data>
      </card>
      <card location.name="table" location.x="750" location.y="125" posZ="0" isLock="false" dispLockMark="true" state="0" rotate="0" owner="" zindex="0" overViewWidth="500" overViewMaxHeight="500">
        <data name="card">
          <data name="image">
            <data type="image" name="imageIdentifier"></data>
            <data type="image" name="front">0286366d9b46cd1e245c1f0286a7314fef35158e98b2b16190befb8ad3943233</data>
            <data type="image" name="back">./assets/images/trump/z02.gif</data>
          </data>
          <data name="common">
            <data name="name">ブラックホール</data>
            <data name="size">2</data>
          </data>
          <data name="detail">
            <data name="情報">
              <data name="▼試練" type="note">【任意の技能判定 - 35】 </data>
              <data name="▼地形" type="note">あらゆる判定結果を半減 </data>
              <data name="▼損失" type="note">１０ｄの防御貫通ダメージ </data>
            </data>
          </data>
          <data name="buff"></data>
        </data>
      </card>
      <card location.name="table" location.x="825" location.y="50" posZ="0" isLock="false" dispLockMark="true" state="0" rotate="0" owner="" zindex="0" overViewWidth="500" overViewMaxHeight="500">
        <data name="card">
          <data name="image">
            <data type="image" name="imageIdentifier"></data>
            <data type="image" name="front">ad00bfff3839017f6b1cb4339de0bf273677834dd68794165ae0704904b904e3</data>
            <data type="image" name="back">./assets/images/trump/z02.gif</data>
          </data>
          <data name="common">
            <data name="name">爆弾</data>
            <data name="size">2</data>
          </data>
          <data name="detail">
            <data name="情報">
              <data name="▼特殊" type="note">同エリアのパーティカードを１枚選んで破壊する </data>
            </data>
          </data>
          <data name="buff"></data>
        </data>
      </card>
      <card location.name="table" location.x="825" location.y="50" posZ="0" isLock="false" dispLockMark="true" state="0" rotate="0" owner="" zindex="0" overViewWidth="500" overViewMaxHeight="500">
        <data name="card">
          <data name="image">
            <data type="image" name="imageIdentifier"></data>
            <data type="image" name="front">4b8903952925f7f9818cee95989e80fff293911cc1bd05700830459c40fc1c20</data>
            <data type="image" name="back">./assets/images/trump/z02.gif</data>
          </data>
          <data name="common">
            <data name="name">破壊兵器</data>
            <data name="size">2</data>
          </data>
          <data name="detail">
            <data name="情報">
              <data name="▼特殊" type="note">同エリアのパーティカードを全て破壊する </data>
            </data>
          </data>
          <data name="buff"></data>
        </data>
      </card>
      <card location.name="table" location.x="825" location.y="50" posZ="0" isLock="false" dispLockMark="true" state="0" rotate="0" owner="" zindex="0" overViewWidth="500" overViewMaxHeight="500">
        <data name="card">
          <data name="image">
            <data type="image" name="imageIdentifier"></data>
            <data type="image" name="front">8e3a11c6855b547195c117e7e50d6fa1bba3e72cb868d6d09dc90f4afadd3d9e</data>
            <data type="image" name="back">./assets/images/trump/z02.gif</data>
          </data>
          <data name="common">
            <data name="name">金貨</data>
            <data name="size">2</data>
          </data>
          <data name="detail">
            <data name="情報">
              <data name="▼特殊" type="note">このカードは公開後もエリアに残る
同エリアのユニットは、このカードを対象に命中または回避判定を行うことができる
上記の判定で最も高い達成値を出したユニットは、
エンドフェイズに【因子５ｄ】を獲得し、このカードは消滅する</data>
            </data>
          </data>
          <data name="buff"></data>
        </data>
      </card>
    </node>
  </card-stack>
  <card-stack location.name="table" location.x="1100" location.y="125" posZ="0" isLock="false" rotate="0" zindex="226" owner="" isShowTotal="true" overViewWidth="250" overViewMaxHeight="250">
    <data name="card-stack">
      <data name="image">
        <data type="image" name="imageIdentifier"></data>
      </data>
      <data name="common">
        <data name="name">山札</data>
      </data>
      <data name="detail"></data>
      <data name="buff"></data>
    </data>
    <node name="cardRoot">
      <card location.name="table" location.x="1100" location.y="125" posZ="0" isLock="false" dispLockMark="true" state="0" rotate="0" owner="" zindex="0" overViewWidth="500" overViewMaxHeight="500">
        <data name="card">
          <data name="image">
            <data type="image" name="imageIdentifier"></data>
            <data type="image" name="front">93baade778d3cf6584b4fed15f267b2ec1dc1f1d3ecc8a2be8b7f4e31ef2244d</data>
            <data type="image" name="back">./assets/images/trump/z02.gif</data>
          </data>
          <data name="common">
            <data name="name">平坦な道</data>
            <data name="size">2</data>
          </data>
          <data name="detail">
            <data name="情報">
              <data name="▼試練" type="note">【任意の技能判定 - 8】 </data>
            </data>
          </data>
          <data name="buff"></data>
        </data>
      </card>
    </node>
  </card-stack>
  <card location.name="table" location.x="700" location.y="50" posZ="0" isLock="false" dispLockMark="true" state="0" rotate="0" owner="" zindex="227" overViewWidth="500" overViewMaxHeight="500">
    <data name="card">
      <data name="image">
        <data type="image" name="imageIdentifier"></data>
        <data type="image" name="front">93baade778d3cf6584b4fed15f267b2ec1dc1f1d3ecc8a2be8b7f4e31ef2244d</data>
        <data type="image" name="back">./assets/images/trump/z02.gif</data>
      </data>
      <data name="common">
        <data name="name">平坦な道</data>
        <data name="size">2</data>
      </data>
      <data name="detail">
        <data name="情報">
          <data name="▼試練" type="note">【任意の技能判定 - 8】 </data>
        </data>
      </data>
      <data name="buff"></data>
    </data>
  </card>
  <card location.name="table" location.x="0" location.y="50" posZ="0" isLock="false" dispLockMark="true" state="0" rotate="0" owner="" zindex="219" overViewWidth="500" overViewMaxHeight="500">
    <data name="card">
      <data name="image">
        <data type="image" name="imageIdentifier"></data>
        <data type="image" name="front">93baade778d3cf6584b4fed15f267b2ec1dc1f1d3ecc8a2be8b7f4e31ef2244d</data>
        <data type="image" name="back">4fb72c6600855f9abe1da57333621da077b04013af3841637b89801dbcf106ad</data>
      </data>
      <data name="common">
        <data name="name">平坦な道</data>
        <data name="size">2</data>
      </data>
      <data name="detail">
        <data name="情報">
          <data name="▼試練" type="note">【任意の技能判定 - 8】 </data>
        </data>
      </data>
      <data name="buff"></data>
    </data>
  </card>
  <card location.name="table" location.x="350" location.y="50" posZ="0" isLock="false" dispLockMark="true" state="0" rotate="0" owner="" zindex="223" overViewWidth="500" overViewMaxHeight="500">
    <data name="card">
      <data name="image">
        <data type="image" name="imageIdentifier"></data>
        <data type="image" name="front">93baade778d3cf6584b4fed15f267b2ec1dc1f1d3ecc8a2be8b7f4e31ef2244d</data>
        <data type="image" name="back">./assets/images/trump/z02.gif</data>
      </data>
      <data name="common">
        <data name="name">平坦な道</data>
        <data name="size">2</data>
      </data>
      <data name="detail">
        <data name="情報">
          <data name="▼試練" type="note">【任意の技能判定 - 8】 </data>
        </data>
      </data>
      <data name="buff"></data>
    </data>
  </card>
</room>