<?xml version="1.0" encoding="UTF-8"?>
<image-tag-list>
  <image-tag imageIdentifier="7c437176e0849f7b4429f923d7b5dea9716051e593822821a8f03e542bfa5629" tag="【GM用】"></image-tag>
  <image-tag imageIdentifier="./assets/images/tex.jpg" tag="デフォルト"></image-tag>
  <image-tag imageIdentifier="f4a3988e1bfa80523e7101924afd0b2bcc8291ff614ead0d29e89532f9588ae0" tag="【GM用】"></image-tag>
  <image-tag imageIdentifier="none_icon" tag="デフォルト"></image-tag>
  <image-tag imageIdentifier="b969e19725776c54934493816dad372339cea43a210ef858cf7ab19dd78ff522" tag="＠あさづけ"></image-tag>
  <image-tag imageIdentifier="3ad00a371118e93c8ed47e12434123d2d2424b22fd4ee5263f6610bef273d638" tag="＠ウルフ"></image-tag>
  <image-tag imageIdentifier="aa293787276f3a32689b87d21614e95c59e068e52e619b538c5b720cc0f77e85" tag="＠カゲロウ"></image-tag>
  <image-tag imageIdentifier="8c5610b02c87c673fa01cded11105a43e0b51487beaf908a1310298236a97ec9" tag="＠キリシロ"></image-tag>
  <image-tag imageIdentifier="9bceeb996c5eea195b5c4e41171343f85ad9675eebeb4cd96796f886ec0a339f" tag="＠SAVOIA"></image-tag>
  <image-tag imageIdentifier="f3d3b86beca99ba72d56d44a2069f8e3019ae8e3be12a090d0062d4f5c0aacea" tag="＠スマブラの人"></image-tag>
  <image-tag imageIdentifier="a7be2bf0b17caf2a68f9c096ad9c8d89b11ff3e344868041041e7d8ef125f6fb" tag="＠チヒロ"></image-tag>
  <image-tag imageIdentifier="775f47713fd28e4bc80a4d9db1f71ee512d08f7f241836ff9b9507610200ccbf" tag="＠T"></image-tag>
  <image-tag imageIdentifier="3c974485ef76412f63e3a1226aed8d7b2a28881d083f52c9d386fa005354ad8f" tag="＠はむぱん"></image-tag>
  <image-tag imageIdentifier="b535ff5d91fe71f853bd623ba806078873b65df4e05019a96aca1f3bd423332f" tag="＠マンモーニ"></image-tag>
  <image-tag imageIdentifier="26f84334011f98c78b2835da175524402d869d394849b258968ea94267d81c3a" tag="＠ラバソ"></image-tag>
  <image-tag imageIdentifier="ac8daae3d3facbce314a1e514da4956ebe9d39e4cd247a33d29d86d016d39fd1" tag="【GM用】"></image-tag>
  <image-tag imageIdentifier="fa9aedb333acd2d74dcde0aa7d65f194ac6c6a0d99391594e3d2211717736a57" tag="【GM用】"></image-tag>
  <image-tag imageIdentifier="970b57a059e4dc44afdd70fcc074877985cf294ea6fcda7f8f797138408e993b" tag="【GM用】"></image-tag>
  <image-tag imageIdentifier="./assets/images/trump/z02.gif" tag="トランプ"></image-tag>
  <image-tag imageIdentifier="45d1db8ca9f1e8f0e0325b7a460f019404f7890c4e57cb51140f2347f9745af1" tag="【GM用】"></image-tag>
  <image-tag imageIdentifier="9c3872a2a550b4ac74a83d229cfdb6b9896ca4560e227d4b85bc86eb34e71d7b" tag="【GM用】"></image-tag>
  <image-tag imageIdentifier="e3cade2f1b5d21ed0709b89bb3f387b2b1e37439bb4a9b756b2e2262b268ae79" tag="【GM用】"></image-tag>
  <image-tag imageIdentifier="22dd09a0e4fd3ae00040ff5668a2e023ebb3b7a2c57ee99beefb86b95b3cbc9f" tag="【GM用】"></image-tag>
  <image-tag imageIdentifier="e4589d31c41f77b740e76195306704a2a07322f23114bee28f4c4ad973edebdc" tag="【GM用】"></image-tag>
  <image-tag imageIdentifier="21fda1f311d5fda1f1c5061c019f6b34c889f3faa80b88586acb707686e1766d" tag="【GM用】"></image-tag>
  <image-tag imageIdentifier="a8e1e4d13a7f620ea36789cb22eda80fff2fef3c3f14c414dc6659f2aa5d9201" tag="【GM用】"></image-tag>
  <image-tag imageIdentifier="034cd47e761d8b9ed408f3baa85f998fc79cd8b00c1797e2ced0907d39239d8e" tag="【GM用】"></image-tag>
  <image-tag imageIdentifier="ffe6f2f11917c41ae63c21e0f62141184be76c9bd09e68af053c35218ab0b45b" tag="【GM用】"></image-tag>
  <image-tag imageIdentifier="4fb4c596fac2bb4afa0d5ad264b37daa20cfdd0f864a7514a3e782ff09141a1d" tag="【GM用】"></image-tag>
  <image-tag imageIdentifier="93efc5c150a82fc11a5c75ccc86aa4fa073f885552d4af1a9c45c34ce5645252" tag="【GM用】"></image-tag>
  <image-tag imageIdentifier="e62af51f3c22c9c4a3b890c0961fb6e37a25debf0430cb68f9db9feb1abb2a3c" tag="【GM用】"></image-tag>
  <image-tag imageIdentifier="8d312876525e1e438b6c3485470b01a1faae9b3b118a4f3b55153c73ebc25976" tag="【GM用】"></image-tag>
  <image-tag imageIdentifier="39d7251898189b95924fc24f9b7961cf45f1c15712937842ca3d541827119c78" tag="【GM用】"></image-tag>
  <image-tag imageIdentifier="708989104d8ddf429e0435c41f498d1e9c63efcac1c94bf451b0dbf84caecfdd" tag="【GM用】"></image-tag>
  <image-tag imageIdentifier="3f9cbb7f32a1f5ba535153d69cf89e3059c09ac31889063775ae272502d5399e" tag="【GM用】"></image-tag>
  <image-tag imageIdentifier="4a3a7b58ab18baacbe0f79ac5923bab700844efbc21e1eb5f5c1bb8913d7bf21" tag="【GM用】"></image-tag>
  <image-tag imageIdentifier="df349e233217e95621d5f7e31fb20f35225e8b228b47c52c5d6083d00734619e" tag="【GM用】"></image-tag>
  <image-tag imageIdentifier="e792bf47adb0fefc4be17a3f640c20e542ef2fbb4c20f387d009ea4ea38ff0d0" tag="【GM用】"></image-tag>
  <image-tag imageIdentifier="d8e72e0f67aa826f2f2af4aeace02fdc6d59dadc6dd6aa6fd331212b8f1f7c71" tag="【GM用】"></image-tag>
  <image-tag imageIdentifier="200a07de78cc0389a59b8573f6a89370c3b3eb84e87e578dae1096ff024a5193" tag="【GM用】"></image-tag>
  <image-tag imageIdentifier="0286366d9b46cd1e245c1f0286a7314fef35158e98b2b16190befb8ad3943233" tag="【GM用】"></image-tag>
  <image-tag imageIdentifier="ad00bfff3839017f6b1cb4339de0bf273677834dd68794165ae0704904b904e3" tag="【GM用】"></image-tag>
  <image-tag imageIdentifier="4b8903952925f7f9818cee95989e80fff293911cc1bd05700830459c40fc1c20" tag="【GM用】"></image-tag>
  <image-tag imageIdentifier="8e3a11c6855b547195c117e7e50d6fa1bba3e72cb868d6d09dc90f4afadd3d9e" tag="【GM用】"></image-tag>
  <image-tag imageIdentifier="93baade778d3cf6584b4fed15f267b2ec1dc1f1d3ecc8a2be8b7f4e31ef2244d" tag="【GM用】"></image-tag>
  <image-tag imageIdentifier="4fb72c6600855f9abe1da57333621da077b04013af3841637b89801dbcf106ad" tag="【GM用】"></image-tag>
  <image-tag imageIdentifier="5aecde76402b2e5bfdb7d162e75da3f6434a4ab6a1e9845cfc0df585f7e423ca" tag="【GM用】"></image-tag>
  <image-tag imageIdentifier="ae362e1ffbb71b796226436cc5fe4b8b51567566d22a20a136f8431235d49383" tag="【GM用】"></image-tag>
</image-tag-list>